{"cameraMode":{"drawMode":0,"name":"Shaded","section":"Shading Mode"},"sceneLighting":true,"audioPlay":false,"sceneViewState":{"m_AlwaysRefresh":false,"showFog":true,"showSkybox":true,"showFlares":true,"showImageEffects":true,"showParticleSystems":true,"showVisualEffectGraphs":true,"m_FxEnabled":true},"in2DMode":false,"pivot":{"x":-0.48282575607299807,"y":0.9098567962646484,"z":6.923577785491943},"rotation":{"x":0.21856898069381715,"y":0.34929779171943667,"z":-0.08414550870656967,"w":0.9072935581207275},"size":3.7649340629577638,"orthographic":true}