{"cameraMode":{"drawMode":0,"name":"Shaded","section":"Shading Mode"},"sceneLighting":false,"audioPlay":false,"sceneViewState":{"m_AlwaysRefresh":false,"showFog":true,"showSkybox":false,"showFlares":true,"showImageEffects":true,"showParticleSystems":true,"showVisualEffectGraphs":true,"m_FxEnabled":true},"in2DMode":false,"pivot":{"x":0.9429370164871216,"y":0.8624374866485596,"z":0.15511417388916017},"rotation":{"x":0.5947458148002625,"y":-0.2883496582508087,"z":0.24135658144950868,"w":0.7105733156204224},"size":2.6700892448425295,"orthographic":true}